{"backend": "tensorflow", "config": {"name": "model_1", "output_layers": [["dense_2", 0, 0]], "layers": [{"name": "input_1", "config": {"name": "input_1", "sparse": false, "dtype": "float32", "batch_input_shape": [null, 256, 128, 3]}, "inbound_nodes": [], "class_name": "InputLayer"}, {"name": "conv2d_1", "config": {"strides": [2, 2], "bias_constraint": null, "filters": 32, "data_format": "channels_last", "kernel_size": [5, 5], "kernel_constraint": null, "activation": "linear", "dilation_rate": [1, 1], "trainable": true, "bias_initializer": {"config": {}, "class_name": "Zeros"}, "bias_regularizer": null, "name": "conv2d_1", "activity_regularizer": null, "kernel_regularizer": null, "use_bias": true, "padding": "same", "kernel_initializer": {"config": {"distribution": "uniform", "scale": 1.0, "seed": null, "mode": "fan_avg"}, "class_name": "VarianceScaling"}}, "inbound_nodes": [[["input_1", 0, 0, {}]]], "class_name": "Conv2D"}, {"name": "leaky_re_lu_1", "config": {"name": "leaky_re_lu_1", "trainable": true, "alpha": 0.20000000298023224}, "inbound_nodes": [[["conv2d_1", 0, 0, {}]]], "class_name": "LeakyReLU"}, {"name": "dropout_1", "config": {"name": "dropout_1", "rate": 0.25, "noise_shape": null, "seed": null, "trainable": true}, "inbound_nodes": [[["leaky_re_lu_1", 0, 0, {}]]], "class_name": "Dropout"}, {"name": "conv2d_2", "config": {"strides": [2, 2], "bias_constraint": null, "filters": 64, "data_format": "channels_last", "kernel_size": [5, 5], "kernel_constraint": null, "activation": "linear", "dilation_rate": [1, 1], "trainable": true, "bias_initializer": {"config": {}, "class_name": "Zeros"}, "bias_regularizer": null, "name": "conv2d_2", "activity_regularizer": null, "kernel_regularizer": null, "use_bias": true, "padding": "same", "kernel_initializer": {"config": {"distribution": "uniform", "scale": 1.0, "seed": null, "mode": "fan_avg"}, "class_name": "VarianceScaling"}}, "inbound_nodes": [[["dropout_1", 0, 0, {}]]], "class_name": "Conv2D"}, {"name": "leaky_re_lu_2", "config": {"name": "leaky_re_lu_2", "trainable": true, "alpha": 0.20000000298023224}, "inbound_nodes": [[["conv2d_2", 0, 0, {}]]], "class_name": "LeakyReLU"}, {"name": "dropout_2", "config": {"name": "dropout_2", "rate": 0.25, "noise_shape": null, "seed": null, "trainable": true}, "inbound_nodes": [[["leaky_re_lu_2", 0, 0, {}]]], "class_name": "Dropout"}, {"name": "conv2d_3", "config": {"strides": [2, 2], "bias_constraint": null, "filters": 64, "data_format": "channels_last", "kernel_size": [5, 5], "kernel_constraint": null, "activation": "linear", "dilation_rate": [1, 1], "trainable": true, "bias_initializer": {"config": {}, "class_name": "Zeros"}, "bias_regularizer": null, "name": "conv2d_3", "activity_regularizer": null, "kernel_regularizer": null, "use_bias": true, "padding": "same", "kernel_initializer": {"config": {"distribution": "uniform", "scale": 1.0, "seed": null, "mode": "fan_avg"}, "class_name": "VarianceScaling"}}, "inbound_nodes": [[["dropout_2", 0, 0, {}]]], "class_name": "Conv2D"}, {"name": "leaky_re_lu_3", "config": {"name": "leaky_re_lu_3", "trainable": true, "alpha": 0.20000000298023224}, "inbound_nodes": [[["conv2d_3", 0, 0, {}]]], "class_name": "LeakyReLU"}, {"name": "dropout_3", "config": {"name": "dropout_3", "rate": 0.25, "noise_shape": null, "seed": null, "trainable": true}, "inbound_nodes": [[["leaky_re_lu_3", 0, 0, {}]]], "class_name": "Dropout"}, {"name": "conv2d_4", "config": {"strides": [2, 2], "bias_constraint": null, "filters": 64, "data_format": "channels_last", "kernel_size": [5, 5], "kernel_constraint": null, "activation": "linear", "dilation_rate": [1, 1], "trainable": true, "bias_initializer": {"config": {}, "class_name": "Zeros"}, "bias_regularizer": null, "name": "conv2d_4", "activity_regularizer": null, "kernel_regularizer": null, "use_bias": true, "padding": "same", "kernel_initializer": {"config": {"distribution": "uniform", "scale": 1.0, "seed": null, "mode": "fan_avg"}, "class_name": "VarianceScaling"}}, "inbound_nodes": [[["dropout_3", 0, 0, {}]]], "class_name": "Conv2D"}, {"name": "leaky_re_lu_4", "config": {"name": "leaky_re_lu_4", "trainable": true, "alpha": 0.20000000298023224}, "inbound_nodes": [[["conv2d_4", 0, 0, {}]]], "class_name": "LeakyReLU"}, {"name": "dropout_4", "config": {"name": "dropout_4", "rate": 0.25, "noise_shape": null, "seed": null, "trainable": true}, "inbound_nodes": [[["leaky_re_lu_4", 0, 0, {}]]], "class_name": "Dropout"}, {"name": "conv2d_5", "config": {"strides": [2, 2], "bias_constraint": null, "filters": 64, "data_format": "channels_last", "kernel_size": [5, 5], "kernel_constraint": null, "activation": "linear", "dilation_rate": [1, 1], "trainable": true, "bias_initializer": {"config": {}, "class_name": "Zeros"}, "bias_regularizer": null, "name": "conv2d_5", "activity_regularizer": null, "kernel_regularizer": null, "use_bias": true, "padding": "same", "kernel_initializer": {"config": {"distribution": "uniform", "scale": 1.0, "seed": null, "mode": "fan_avg"}, "class_name": "VarianceScaling"}}, "inbound_nodes": [[["dropout_4", 0, 0, {}]]], "class_name": "Conv2D"}, {"name": "leaky_re_lu_5", "config": {"name": "leaky_re_lu_5", "trainable": true, "alpha": 0.20000000298023224}, "inbound_nodes": [[["conv2d_5", 0, 0, {}]]], "class_name": "LeakyReLU"}, {"name": "dropout_5", "config": {"name": "dropout_5", "rate": 0.25, "noise_shape": null, "seed": null, "trainable": true}, "inbound_nodes": [[["leaky_re_lu_5", 0, 0, {}]]], "class_name": "Dropout"}, {"name": "flatten_1", "config": {"name": "flatten_1", "data_format": "channels_last", "trainable": true}, "inbound_nodes": [[["dropout_5", 0, 0, {}]]], "class_name": "Flatten"}, {"name": "dense_1", "config": {"bias_constraint": null, "use_bias": true, "kernel_constraint": null, "activation": "relu", "kernel_regularizer": null, "bias_initializer": {"config": {}, "class_name": "Zeros"}, "bias_regularizer": null, "units": 512, "name": "dense_1", "trainable": true, "activity_regularizer": null, "kernel_initializer": {"config": {"distribution": "uniform", "scale": 1.0, "seed": null, "mode": "fan_avg"}, "class_name": "VarianceScaling"}}, "inbound_nodes": [[["flatten_1", 0, 0, {}]]], "class_name": "Dense"}, {"name": "dense_2", "config": {"bias_constraint": null, "use_bias": true, "kernel_constraint": null, "activation": "sigmoid", "kernel_regularizer": null, "bias_initializer": {"config": {}, "class_name": "Zeros"}, "bias_regularizer": null, "units": 1, "name": "dense_2", "trainable": true, "activity_regularizer": null, "kernel_initializer": {"config": {"distribution": "uniform", "scale": 1.0, "seed": null, "mode": "fan_avg"}, "class_name": "VarianceScaling"}}, "inbound_nodes": [[["dense_1", 0, 0, {}]]], "class_name": "Dense"}], "input_layers": [["input_1", 0, 0]]}, "keras_version": "2.2.0", "class_name": "Model"}