{"backend": "tensorflow", "config": {"name": "model_2", "output_layers": [["conv2d_16", 0, 0]], "layers": [{"name": "input_2", "config": {"name": "input_2", "sparse": false, "dtype": "float32", "batch_input_shape": [null, 256, 128, 3]}, "inbound_nodes": [], "class_name": "InputLayer"}, {"name": "conv2d_6", "config": {"strides": [1, 1], "bias_constraint": null, "filters": 64, "data_format": "channels_last", "kernel_size": [5, 5], "kernel_constraint": null, "activation": "linear", "dilation_rate": [1, 1], "trainable": true, "bias_initializer": {"config": {}, "class_name": "Zeros"}, "bias_regularizer": null, "name": "conv2d_6", "activity_regularizer": null, "kernel_regularizer": null, "use_bias": true, "padding": "same", "kernel_initializer": {"config": {"distribution": "uniform", "scale": 1.0, "seed": null, "mode": "fan_avg"}, "class_name": "VarianceScaling"}}, "inbound_nodes": [[["input_2", 0, 0, {}]]], "class_name": "Conv2D"}, {"name": "re_lu_1", "config": {"name": "re_lu_1", "max_value": null, "trainable": true}, "inbound_nodes": [[["conv2d_6", 0, 0, {}]]], "class_name": "ReLU"}, {"name": "dropout_6", "config": {"name": "dropout_6", "rate": 0.25, "noise_shape": null, "seed": null, "trainable": true}, "inbound_nodes": [[["re_lu_1", 0, 0, {}]]], "class_name": "Dropout"}, {"name": "instance_normalization_1", "config": {"beta_initializer": {"config": {}, "class_name": "Zeros"}, "center": true, "scale": true, "gamma_initializer": {"config": {}, "class_name": "Ones"}, "beta_regularizer": null, "axis": null, "epsilon": 0.001, "trainable": true, "gamma_constraint": null, "beta_constraint": null, "name": "instance_normalization_1", "gamma_regularizer": null}, "inbound_nodes": [[["dropout_6", 0, 0, {}]]], "class_name": "InstanceNormalization"}, {"name": "conv2d_7", "config": {"strides": [2, 2], "bias_constraint": null, "filters": 128, "data_format": "channels_last", "kernel_size": [4, 4], "kernel_constraint": null, "activation": "linear", "dilation_rate": [1, 1], "trainable": true, "bias_initializer": {"config": {}, "class_name": "Zeros"}, "bias_regularizer": null, "name": "conv2d_7", "activity_regularizer": null, "kernel_regularizer": null, "use_bias": true, "padding": "same", "kernel_initializer": {"config": {"distribution": "uniform", "scale": 1.0, "seed": null, "mode": "fan_avg"}, "class_name": "VarianceScaling"}}, "inbound_nodes": [[["instance_normalization_1", 0, 0, {}]]], "class_name": "Conv2D"}, {"name": "re_lu_2", "config": {"name": "re_lu_2", "max_value": null, "trainable": true}, "inbound_nodes": [[["conv2d_7", 0, 0, {}]]], "class_name": "ReLU"}, {"name": "dropout_7", "config": {"name": "dropout_7", "rate": 0.25, "noise_shape": null, "seed": null, "trainable": true}, "inbound_nodes": [[["re_lu_2", 0, 0, {}]]], "class_name": "Dropout"}, {"name": "instance_normalization_2", "config": {"beta_initializer": {"config": {}, "class_name": "Zeros"}, "center": true, "scale": true, "gamma_initializer": {"config": {}, "class_name": "Ones"}, "beta_regularizer": null, "axis": null, "epsilon": 0.001, "trainable": true, "gamma_constraint": null, "beta_constraint": null, "name": "instance_normalization_2", "gamma_regularizer": null}, "inbound_nodes": [[["dropout_7", 0, 0, {}]]], "class_name": "InstanceNormalization"}, {"name": "conv2d_8", "config": {"strides": [2, 2], "bias_constraint": null, "filters": 128, "data_format": "channels_last", "kernel_size": [4, 4], "kernel_constraint": null, "activation": "linear", "dilation_rate": [1, 1], "trainable": true, "bias_initializer": {"config": {}, "class_name": "Zeros"}, "bias_regularizer": null, "name": "conv2d_8", "activity_regularizer": null, "kernel_regularizer": null, "use_bias": true, "padding": "same", "kernel_initializer": {"config": {"distribution": "uniform", "scale": 1.0, "seed": null, "mode": "fan_avg"}, "class_name": "VarianceScaling"}}, "inbound_nodes": [[["instance_normalization_2", 0, 0, {}]]], "class_name": "Conv2D"}, {"name": "re_lu_3", "config": {"name": "re_lu_3", "max_value": null, "trainable": true}, "inbound_nodes": [[["conv2d_8", 0, 0, {}]]], "class_name": "ReLU"}, {"name": "dropout_8", "config": {"name": "dropout_8", "rate": 0.25, "noise_shape": null, "seed": null, "trainable": true}, "inbound_nodes": [[["re_lu_3", 0, 0, {}]]], "class_name": "Dropout"}, {"name": "instance_normalization_3", "config": {"beta_initializer": {"config": {}, "class_name": "Zeros"}, "center": true, "scale": true, "gamma_initializer": {"config": {}, "class_name": "Ones"}, "beta_regularizer": null, "axis": null, "epsilon": 0.001, "trainable": true, "gamma_constraint": null, "beta_constraint": null, "name": "instance_normalization_3", "gamma_regularizer": null}, "inbound_nodes": [[["dropout_8", 0, 0, {}]]], "class_name": "InstanceNormalization"}, {"name": "conv2d_9", "config": {"strides": [1, 1], "bias_constraint": null, "filters": 256, "data_format": "channels_last", "kernel_size": [4, 4], "kernel_constraint": null, "activation": "linear", "dilation_rate": [1, 1], "trainable": true, "bias_initializer": {"config": {}, "class_name": "Zeros"}, "bias_regularizer": null, "name": "conv2d_9", "activity_regularizer": null, "kernel_regularizer": null, "use_bias": true, "padding": "same", "kernel_initializer": {"config": {"distribution": "uniform", "scale": 1.0, "seed": null, "mode": "fan_avg"}, "class_name": "VarianceScaling"}}, "inbound_nodes": [[["instance_normalization_3", 0, 0, {}]]], "class_name": "Conv2D"}, {"name": "re_lu_4", "config": {"name": "re_lu_4", "max_value": null, "trainable": true}, "inbound_nodes": [[["conv2d_9", 0, 0, {}]]], "class_name": "ReLU"}, {"name": "dropout_9", "config": {"name": "dropout_9", "rate": 0.25, "noise_shape": null, "seed": null, "trainable": true}, "inbound_nodes": [[["re_lu_4", 0, 0, {}]]], "class_name": "Dropout"}, {"name": "instance_normalization_4", "config": {"beta_initializer": {"config": {}, "class_name": "Zeros"}, "center": true, "scale": true, "gamma_initializer": {"config": {}, "class_name": "Ones"}, "beta_regularizer": null, "axis": null, "epsilon": 0.001, "trainable": true, "gamma_constraint": null, "beta_constraint": null, "name": "instance_normalization_4", "gamma_regularizer": null}, "inbound_nodes": [[["dropout_9", 0, 0, {}]]], "class_name": "InstanceNormalization"}, {"name": "conv2d_10", "config": {"strides": [1, 1], "bias_constraint": null, "filters": 512, "data_format": "channels_last", "kernel_size": [3, 3], "kernel_constraint": null, "activation": "linear", "dilation_rate": [2, 2], "trainable": true, "bias_initializer": {"config": {}, "class_name": "Zeros"}, "bias_regularizer": null, "name": "conv2d_10", "activity_regularizer": null, "kernel_regularizer": null, "use_bias": true, "padding": "same", "kernel_initializer": {"config": {"distribution": "uniform", "scale": 1.0, "seed": null, "mode": "fan_avg"}, "class_name": "VarianceScaling"}}, "inbound_nodes": [[["instance_normalization_4", 0, 0, {}]]], "class_name": "Conv2D"}, {"name": "re_lu_5", "config": {"name": "re_lu_5", "max_value": null, "trainable": true}, "inbound_nodes": [[["conv2d_10", 0, 0, {}]]], "class_name": "ReLU"}, {"name": "dropout_10", "config": {"name": "dropout_10", "rate": 0.25, "noise_shape": null, "seed": null, "trainable": true}, "inbound_nodes": [[["re_lu_5", 0, 0, {}]]], "class_name": "Dropout"}, {"name": "instance_normalization_5", "config": {"beta_initializer": {"config": {}, "class_name": "Zeros"}, "center": true, "scale": true, "gamma_initializer": {"config": {}, "class_name": "Ones"}, "beta_regularizer": null, "axis": null, "epsilon": 0.001, "trainable": true, "gamma_constraint": null, "beta_constraint": null, "name": "instance_normalization_5", "gamma_regularizer": null}, "inbound_nodes": [[["dropout_10", 0, 0, {}]]], "class_name": "InstanceNormalization"}, {"name": "conv2d_11", "config": {"strides": [1, 1], "bias_constraint": null, "filters": 512, "data_format": "channels_last", "kernel_size": [3, 3], "kernel_constraint": null, "activation": "linear", "dilation_rate": [4, 4], "trainable": true, "bias_initializer": {"config": {}, "class_name": "Zeros"}, "bias_regularizer": null, "name": "conv2d_11", "activity_regularizer": null, "kernel_regularizer": null, "use_bias": true, "padding": "same", "kernel_initializer": {"config": {"distribution": "uniform", "scale": 1.0, "seed": null, "mode": "fan_avg"}, "class_name": "VarianceScaling"}}, "inbound_nodes": [[["instance_normalization_5", 0, 0, {}]]], "class_name": "Conv2D"}, {"name": "re_lu_6", "config": {"name": "re_lu_6", "max_value": null, "trainable": true}, "inbound_nodes": [[["conv2d_11", 0, 0, {}]]], "class_name": "ReLU"}, {"name": "dropout_11", "config": {"name": "dropout_11", "rate": 0.25, "noise_shape": null, "seed": null, "trainable": true}, "inbound_nodes": [[["re_lu_6", 0, 0, {}]]], "class_name": "Dropout"}, {"name": "instance_normalization_6", "config": {"beta_initializer": {"config": {}, "class_name": "Zeros"}, "center": true, "scale": true, "gamma_initializer": {"config": {}, "class_name": "Ones"}, "beta_regularizer": null, "axis": null, "epsilon": 0.001, "trainable": true, "gamma_constraint": null, "beta_constraint": null, "name": "instance_normalization_6", "gamma_regularizer": null}, "inbound_nodes": [[["dropout_11", 0, 0, {}]]], "class_name": "InstanceNormalization"}, {"name": "conv2d_12", "config": {"strides": [1, 1], "bias_constraint": null, "filters": 512, "data_format": "channels_last", "kernel_size": [3, 3], "kernel_constraint": null, "activation": "linear", "dilation_rate": [8, 8], "trainable": true, "bias_initializer": {"config": {}, "class_name": "Zeros"}, "bias_regularizer": null, "name": "conv2d_12", "activity_regularizer": null, "kernel_regularizer": null, "use_bias": true, "padding": "same", "kernel_initializer": {"config": {"distribution": "uniform", "scale": 1.0, "seed": null, "mode": "fan_avg"}, "class_name": "VarianceScaling"}}, "inbound_nodes": [[["instance_normalization_6", 0, 0, {}]]], "class_name": "Conv2D"}, {"name": "re_lu_7", "config": {"name": "re_lu_7", "max_value": null, "trainable": true}, "inbound_nodes": [[["conv2d_12", 0, 0, {}]]], "class_name": "ReLU"}, {"name": "dropout_12", "config": {"name": "dropout_12", "rate": 0.25, "noise_shape": null, "seed": null, "trainable": true}, "inbound_nodes": [[["re_lu_7", 0, 0, {}]]], "class_name": "Dropout"}, {"name": "instance_normalization_7", "config": {"beta_initializer": {"config": {}, "class_name": "Zeros"}, "center": true, "scale": true, "gamma_initializer": {"config": {}, "class_name": "Ones"}, "beta_regularizer": null, "axis": null, "epsilon": 0.001, "trainable": true, "gamma_constraint": null, "beta_constraint": null, "name": "instance_normalization_7", "gamma_regularizer": null}, "inbound_nodes": [[["dropout_12", 0, 0, {}]]], "class_name": "InstanceNormalization"}, {"name": "conv2d_13", "config": {"strides": [1, 1], "bias_constraint": null, "filters": 512, "data_format": "channels_last", "kernel_size": [3, 3], "kernel_constraint": null, "activation": "linear", "dilation_rate": [16, 16], "trainable": true, "bias_initializer": {"config": {}, "class_name": "Zeros"}, "bias_regularizer": null, "name": "conv2d_13", "activity_regularizer": null, "kernel_regularizer": null, "use_bias": true, "padding": "same", "kernel_initializer": {"config": {"distribution": "uniform", "scale": 1.0, "seed": null, "mode": "fan_avg"}, "class_name": "VarianceScaling"}}, "inbound_nodes": [[["instance_normalization_7", 0, 0, {}]]], "class_name": "Conv2D"}, {"name": "re_lu_8", "config": {"name": "re_lu_8", "max_value": null, "trainable": true}, "inbound_nodes": [[["conv2d_13", 0, 0, {}]]], "class_name": "ReLU"}, {"name": "dropout_13", "config": {"name": "dropout_13", "rate": 0.25, "noise_shape": null, "seed": null, "trainable": true}, "inbound_nodes": [[["re_lu_8", 0, 0, {}]]], "class_name": "Dropout"}, {"name": "instance_normalization_8", "config": {"beta_initializer": {"config": {}, "class_name": "Zeros"}, "center": true, "scale": true, "gamma_initializer": {"config": {}, "class_name": "Ones"}, "beta_regularizer": null, "axis": null, "epsilon": 0.001, "trainable": true, "gamma_constraint": null, "beta_constraint": null, "name": "instance_normalization_8", "gamma_regularizer": null}, "inbound_nodes": [[["dropout_13", 0, 0, {}]]], "class_name": "InstanceNormalization"}, {"name": "conv2d_14", "config": {"strides": [1, 1], "bias_constraint": null, "filters": 256, "data_format": "channels_last", "kernel_size": [4, 4], "kernel_constraint": null, "activation": "linear", "dilation_rate": [1, 1], "trainable": true, "bias_initializer": {"config": {}, "class_name": "Zeros"}, "bias_regularizer": null, "name": "conv2d_14", "activity_regularizer": null, "kernel_regularizer": null, "use_bias": true, "padding": "same", "kernel_initializer": {"config": {"distribution": "uniform", "scale": 1.0, "seed": null, "mode": "fan_avg"}, "class_name": "VarianceScaling"}}, "inbound_nodes": [[["instance_normalization_8", 0, 0, {}]]], "class_name": "Conv2D"}, {"name": "re_lu_9", "config": {"name": "re_lu_9", "max_value": null, "trainable": true}, "inbound_nodes": [[["conv2d_14", 0, 0, {}]]], "class_name": "ReLU"}, {"name": "dropout_14", "config": {"name": "dropout_14", "rate": 0.25, "noise_shape": null, "seed": null, "trainable": true}, "inbound_nodes": [[["re_lu_9", 0, 0, {}]]], "class_name": "Dropout"}, {"name": "instance_normalization_9", "config": {"beta_initializer": {"config": {}, "class_name": "Zeros"}, "center": true, "scale": true, "gamma_initializer": {"config": {}, "class_name": "Ones"}, "beta_regularizer": null, "axis": null, "epsilon": 0.001, "trainable": true, "gamma_constraint": null, "beta_constraint": null, "name": "instance_normalization_9", "gamma_regularizer": null}, "inbound_nodes": [[["dropout_14", 0, 0, {}]]], "class_name": "InstanceNormalization"}, {"name": "conv2d_transpose_1", "config": {"strides": [2, 2], "name": "conv2d_transpose_1", "filters": 128, "data_format": "channels_last", "kernel_size": [4, 4], "kernel_constraint": null, "activation": "linear", "trainable": true, "bias_initializer": {"config": {}, "class_name": "Zeros"}, "bias_regularizer": null, "bias_constraint": null, "activity_regularizer": null, "kernel_regularizer": null, "use_bias": true, "padding": "same", "kernel_initializer": {"config": {"distribution": "uniform", "scale": 1.0, "seed": null, "mode": "fan_avg"}, "class_name": "VarianceScaling"}}, "inbound_nodes": [[["instance_normalization_9", 0, 0, {}]]], "class_name": "Conv2DTranspose"}, {"name": "re_lu_10", "config": {"name": "re_lu_10", "max_value": null, "trainable": true}, "inbound_nodes": [[["conv2d_transpose_1", 0, 0, {}]]], "class_name": "ReLU"}, {"name": "conv2d_transpose_2", "config": {"strides": [2, 2], "name": "conv2d_transpose_2", "filters": 128, "data_format": "channels_last", "kernel_size": [4, 4], "kernel_constraint": null, "activation": "linear", "trainable": true, "bias_initializer": {"config": {}, "class_name": "Zeros"}, "bias_regularizer": null, "bias_constraint": null, "activity_regularizer": null, "kernel_regularizer": null, "use_bias": true, "padding": "same", "kernel_initializer": {"config": {"distribution": "uniform", "scale": 1.0, "seed": null, "mode": "fan_avg"}, "class_name": "VarianceScaling"}}, "inbound_nodes": [[["re_lu_10", 0, 0, {}]]], "class_name": "Conv2DTranspose"}, {"name": "re_lu_11", "config": {"name": "re_lu_11", "max_value": null, "trainable": true}, "inbound_nodes": [[["conv2d_transpose_2", 0, 0, {}]]], "class_name": "ReLU"}, {"name": "conv2d_15", "config": {"strides": [1, 1], "bias_constraint": null, "filters": 64, "data_format": "channels_last", "kernel_size": [4, 4], "kernel_constraint": null, "activation": "linear", "dilation_rate": [1, 1], "trainable": true, "bias_initializer": {"config": {}, "class_name": "Zeros"}, "bias_regularizer": null, "name": "conv2d_15", "activity_regularizer": null, "kernel_regularizer": null, "use_bias": true, "padding": "same", "kernel_initializer": {"config": {"distribution": "uniform", "scale": 1.0, "seed": null, "mode": "fan_avg"}, "class_name": "VarianceScaling"}}, "inbound_nodes": [[["re_lu_11", 0, 0, {}]]], "class_name": "Conv2D"}, {"name": "re_lu_12", "config": {"name": "re_lu_12", "max_value": null, "trainable": true}, "inbound_nodes": [[["conv2d_15", 0, 0, {}]]], "class_name": "ReLU"}, {"name": "dropout_15", "config": {"name": "dropout_15", "rate": 0.25, "noise_shape": null, "seed": null, "trainable": true}, "inbound_nodes": [[["re_lu_12", 0, 0, {}]]], "class_name": "Dropout"}, {"name": "instance_normalization_10", "config": {"beta_initializer": {"config": {}, "class_name": "Zeros"}, "center": true, "scale": true, "gamma_initializer": {"config": {}, "class_name": "Ones"}, "beta_regularizer": null, "axis": null, "epsilon": 0.001, "trainable": true, "gamma_constraint": null, "beta_constraint": null, "name": "instance_normalization_10", "gamma_regularizer": null}, "inbound_nodes": [[["dropout_15", 0, 0, {}]]], "class_name": "InstanceNormalization"}, {"name": "conv2d_16", "config": {"strides": [1, 1], "bias_constraint": null, "filters": 3, "data_format": "channels_last", "kernel_size": [4, 4], "kernel_constraint": null, "activation": "tanh", "dilation_rate": [1, 1], "trainable": true, "bias_initializer": {"config": {}, "class_name": "Zeros"}, "bias_regularizer": null, "name": "conv2d_16", "activity_regularizer": null, "kernel_regularizer": null, "use_bias": true, "padding": "same", "kernel_initializer": {"config": {"distribution": "uniform", "scale": 1.0, "seed": null, "mode": "fan_avg"}, "class_name": "VarianceScaling"}}, "inbound_nodes": [[["instance_normalization_10", 0, 0, {}]]], "class_name": "Conv2D"}], "input_layers": [["input_2", 0, 0]]}, "keras_version": "2.2.0", "class_name": "Model"}